Workbook

Sheet Teams
A1: Team Brentuar | B1: Fall Guys Wednesday April 29 | C1: Halo Wednesday May 6 | D1: F1 Wednesday May 13 | F1: Team PK | G1: Fall Guys Wednesday April 29 | H1: Halo Wednesday May 6 | I1: F1 Wednesday May 13
A2: Brentuar | B2: x | C2: x | D2: x | F2: PK | G2: x | H2: x | I2: x
A3: Newman | B3: x | D3: x | F3: Josh Rosario | G3: x | I3: x
A4: PretZilla | B4: x | F4: Connor | G4: x | H4: x
A5: Queen | B5: x | F5: Eddie | G5: x | H5: x
A6: Nick | C6: x | D6: x | F6: Josh Crane | I6: x
A7: Erick | C7: x | D7: x | F7: Josh Anderson | H7: x | I7: x
A8: Grayson | C8: x

Sheet Scoring
A1: Halo | B1: Win | C1: Kill | D1: Assist | F1: Total Available Points
A2: Land Grab | B2: 10 | C2: 0.1 | D2: 0.025 | F2: 40 + 40 (max) = 80 MAXIMUM
A3: Assault One Bomb | B3: 10 | C3: 0.1 | D3: 0.025
A4: Oddball | B4: 10 | C4: 0.1 | D4: 0.025
A5: Capture The Flag | B5: 10 | C5: 0.1 | D5: 0.025
A7: Fall Guys | B7: Win | F7: Total Available Points
A8: Dynamic Duos / Ball Blast | B8: 10 | F8: 80
A9: Fall Ball Cup / Royal Fumble | B9: 10
A10: Pegwin Palooza | B10: 10
A11: Jump Around | B11: 10
A12: Duos / Day at the Races | B12: 10
A13: Thin Ice | B13: 10
A14: Solos | B14: 20
A16: Formula 1 | B16: Qualifying | C16: Sprint | D16: Race | E16: Bonus Points | F16: Total Available Points
A17: First | B17: 1 | C17: 8 | D17: 15 | E17: FL Sprint | F17: =1+SUM(C17:D20)+4+1 -> 80
A18: Second | B18: 0 | C18: 7 | D18: 13 | E18: FL Race
A19: Third | B19: 0 | C19: 6 | D19: 11 | E19: DOTD
A20: Fourth | B20: 0 | C20: 5 | D20: 9 | E20: MOT
A21: Fifth | B21: 0 | C21: 4 | D21: 7 | E21: CD
A22: Sixth | B22: 0 | C22: 3 | D22: 5
A23: Seventh | B23: 0 | C23: 2 | D23: 3
A24: Eighth | B24: 0 | C24: 1 | D24: 1

Sheet Team Results
A1: Team | B1: Fall Guys | C1: Halo | D1: Formula 1 | E1: Total
A2: Team Brentuar | B2: =IF(SUM('Individual Results'!B2:B8)<80,SUM('Individual Results'!B2:B8),80) -> 20 | C2: =IF(SUM('Individual Results'!C2:C8)<80,SUM('Individual Results'!C2:C8),80) -> 0 | D2: =IF(SUM('Individual Results'!D2:D8)<80,SUM('Individual Results'!D2:D8),80) -> 0 | E2: =SUM(B2:D2) -> 20
A3: Team PK | B3: =IF(SUM('Individual Results'!B9:B14)<80,SUM('Individual Results'!B9:B14),80) -> 80 | C3: =IF(SUM('Individual Results'!C9:C14)<80,SUM('Individual Results'!C9:C14),80) -> 0 | D3: =IF(SUM('Individual Results'!D9:D14)<80,SUM('Individual Results'!D9:D14),80) -> 0 | E3: =SUM(B3:D3) -> 80

Sheet Individual Results
A1: Player | B1: Fall Guys | C1: Halo | D1: Formula 1 | E1: Total
A2: Brentuar | B2: =SUMIFS('Fall Guys Results'!$C$2:$C$14,'Fall Guys Results'!$B$2:$B$14,A2) -> 0 | C2: {=XLOOKUP(A2,'Halo Results AOB'!$A$2:$A$9,'Halo Results AOB'!$E$2:$E$9,0) + XLOOKUP(A2,'Halo Results LG'!$A$2:$A$9,'Halo Results LG'!$E$2:$E$9,0) + XLOOKUP(A2,'Halo Results OB'!$A$2:$A$9,'Halo Results OB'!$E$2:$E$9,0) + XLOOKUP(A2,'Halo Results CTF'!$A$2:$A$9,'Halo Results CTF'!$E$2:$E$9,0)} -> 0 | D2: {=XLOOKUP(A2,'Formula 1 Results'!$A$2:$A$9,'Formula 1 Results'!$J$2:$J$9,0)} -> 0 | E2: =SUM(B2:D2) -> 0
A3: Newman | B3: =SUMIFS('Fall Guys Results'!$C$2:$C$14,'Fall Guys Results'!$B$2:$B$14,A3) -> 10 | C3: {=XLOOKUP(A3,'Halo Results AOB'!$A$2:$A$9,'Halo Results AOB'!$E$2:$E$9,0) + XLOOKUP(A3,'Halo Results LG'!$A$2:$A$9,'Halo Results LG'!$E$2:$E$9,0) + XLOOKUP(A3,'Halo Results OB'!$A$2:$A$9,'Halo Results OB'!$E$2:$E$9,0) + XLOOKUP(A3,'Halo Results CTF'!$A$2:$A$9,'Halo Results CTF'!$E$2:$E$9,0)} -> 0 | D3: {=XLOOKUP(A3,'Formula 1 Results'!$A$2:$A$9,'Formula 1 Results'!$J$2:$J$9,0)} -> 0 | E3: =SUM(B3:D3) -> 10
A4: PretZilla | B4: =SUMIFS('Fall Guys Results'!$C$2:$C$14,'Fall Guys Results'!$B$2:$B$14,A4) -> 10 | C4: {=XLOOKUP(A4,'Halo Results AOB'!$A$2:$A$9,'Halo Results AOB'!$E$2:$E$9,0) + XLOOKUP(A4,'Halo Results LG'!$A$2:$A$9,'Halo Results LG'!$E$2:$E$9,0) + XLOOKUP(A4,'Halo Results OB'!$A$2:$A$9,'Halo Results OB'!$E$2:$E$9,0) + XLOOKUP(A4,'Halo Results CTF'!$A$2:$A$9,'Halo Results CTF'!$E$2:$E$9,0)} -> 0 | D4: {=XLOOKUP(A4,'Formula 1 Results'!$A$2:$A$9,'Formula 1 Results'!$J$2:$J$9,0)} -> 0 | E4: =SUM(B4:D4) -> 10
A5: Queen | B5: =SUMIFS('Fall Guys Results'!$C$2:$C$14,'Fall Guys Results'!$B$2:$B$14,A5) -> 0 | C5: {=XLOOKUP(A5,'Halo Results AOB'!$A$2:$A$9,'Halo Results AOB'!$E$2:$E$9,0) + XLOOKUP(A5,'Halo Results LG'!$A$2:$A$9,'Halo Results LG'!$E$2:$E$9,0) + XLOOKUP(A5,'Halo Results OB'!$A$2:$A$9,'Halo Results OB'!$E$2:$E$9,0) + XLOOKUP(A5,'Halo Results CTF'!$A$2:$A$9,'Halo Results CTF'!$E$2:$E$9,0)} -> 0 | D5: {=XLOOKUP(A5,'Formula 1 Results'!$A$2:$A$9,'Formula 1 Results'!$J$2:$J$9,0)} -> 0 | E5: =SUM(B5:D5) -> 0
A6: Nick | B6: =SUMIFS('Fall Guys Results'!$C$2:$C$14,'Fall Guys Results'!$B$2:$B$14,A6) -> 0 | C6: {=XLOOKUP(A6,'Halo Results AOB'!$A$2:$A$9,'Halo Results AOB'!$E$2:$E$9,0) + XLOOKUP(A6,'Halo Results LG'!$A$2:$A$9,'Halo Results LG'!$E$2:$E$9,0) + XLOOKUP(A6,'Halo Results OB'!$A$2:$A$9,'Halo Results OB'!$E$2:$E$9,0) + XLOOKUP(A6,'Halo Results CTF'!$A$2:$A$9,'Halo Results CTF'!$E$2:$E$9,0)} -> 0 | D6: {=XLOOKUP(A6,'Formula 1 Results'!$A$2:$A$9,'Formula 1 Results'!$J$2:$J$9,0)} -> 0 | E6: =SUM(B6:D6) -> 0
A7: Erick | B7: =SUMIFS('Fall Guys Results'!$C$2:$C$14,'Fall Guys Results'!$B$2:$B$14,A7) -> 0 | C7: {=XLOOKUP(A7,'Halo Results AOB'!$A$2:$A$9,'Halo Results AOB'!$E$2:$E$9,0) + XLOOKUP(A7,'Halo Results LG'!$A$2:$A$9,'Halo Results LG'!$E$2:$E$9,0) + XLOOKUP(A7,'Halo Results OB'!$A$2:$A$9,'Halo Results OB'!$E$2:$E$9,0) + XLOOKUP(A7,'Halo Results CTF'!$A$2:$A$9,'Halo Results CTF'!$E$2:$E$9,0)} -> 0 | D7: {=XLOOKUP(A7,'Formula 1 Results'!$A$2:$A$9,'Formula 1 Results'!$J$2:$J$9,0)} -> 0 | E7: =SUM(B7:D7) -> 0
A8: Grayson | B8: =SUMIFS('Fall Guys Results'!$C$2:$C$14,'Fall Guys Results'!$B$2:$B$14,A8) -> 0 | C8: {=XLOOKUP(A8,'Halo Results AOB'!$A$2:$A$9,'Halo Results AOB'!$E$2:$E$9,0) + XLOOKUP(A8,'Halo Results LG'!$A$2:$A$9,'Halo Results LG'!$E$2:$E$9,0) + XLOOKUP(A8,'Halo Results OB'!$A$2:$A$9,'Halo Results OB'!$E$2:$E$9,0) + XLOOKUP(A8,'Halo Results CTF'!$A$2:$A$9,'Halo Results CTF'!$E$2:$E$9,0)} -> 0 | D8: {=XLOOKUP(A8,'Formula 1 Results'!$A$2:$A$9,'Formula 1 Results'!$J$2:$J$9,0)} -> 0 | E8: =SUM(B8:D8) -> 0
A9: PK | B9: =SUMIFS('Fall Guys Results'!$C$2:$C$14,'Fall Guys Results'!$B$2:$B$14,A9) -> 0 | C9: {=XLOOKUP(A9,'Halo Results AOB'!$A$2:$A$9,'Halo Results AOB'!$E$2:$E$9,0) + XLOOKUP(A9,'Halo Results LG'!$A$2:$A$9,'Halo Results LG'!$E$2:$E$9,0) + XLOOKUP(A9,'Halo Results OB'!$A$2:$A$9,'Halo Results OB'!$E$2:$E$9,0) + XLOOKUP(A9,'Halo Results CTF'!$A$2:$A$9,'Halo Results CTF'!$E$2:$E$9,0)} -> 0 | D9: {=XLOOKUP(A9,'Formula 1 Results'!$A$2:$A$9,'Formula 1 Results'!$J$2:$J$9,0)} -> 0 | E9: =SUM(B9:D9) -> 0
A10: Josh Rosario | B10: =SUMIFS('Fall Guys Results'!$C$2:$C$14,'Fall Guys Results'!$B$2:$B$14,A10) -> 45 | C10: {=XLOOKUP(A10,'Halo Results AOB'!$A$2:$A$9,'Halo Results AOB'!$E$2:$E$9,0) + XLOOKUP(A10,'Halo Results LG'!$A$2:$A$9,'Halo Results LG'!$E$2:$E$9,0) + XLOOKUP(A10,'Halo Results OB'!$A$2:$A$9,'Halo Results OB'!$E$2:$E$9,0) + XLOOKUP(A10,'Halo Results CTF'!$A$2:$A$9,'Halo Results CTF'!$E$2:$E$9,0)} -> 0 | D10: {=XLOOKUP(A10,'Formula 1 Results'!$A$2:$A$9,'Formula 1 Results'!$J$2:$J$9,0)} -> 0 | E10: =SUM(B10:D10) -> 45
A11: Connor | B11: =SUMIFS('Fall Guys Results'!$C$2:$C$14,'Fall Guys Results'!$B$2:$B$14,A11) -> 10 | C11: {=XLOOKUP(A11,'Halo Results AOB'!$A$2:$A$9,'Halo Results AOB'!$E$2:$E$9,0) + XLOOKUP(A11,'Halo Results LG'!$A$2:$A$9,'Halo Results LG'!$E$2:$E$9,0) + XLOOKUP(A11,'Halo Results OB'!$A$2:$A$9,'Halo Results OB'!$E$2:$E$9,0) + XLOOKUP(A11,'Halo Results CTF'!$A$2:$A$9,'Halo Results CTF'!$E$2:$E$9,0)} -> 0 | D11: {=XLOOKUP(A11,'Formula 1 Results'!$A$2:$A$9,'Formula 1 Results'!$J$2:$J$9,0)} -> 0 | E11: =SUM(B11:D11) -> 10
A12: Eddie | B12: =SUMIFS('Fall Guys Results'!$C$2:$C$14,'Fall Guys Results'!$B$2:$B$14,A12) -> 85 | C12: {=XLOOKUP(A12,'Halo Results AOB'!$A$2:$A$9,'Halo Results AOB'!$E$2:$E$9,0) + XLOOKUP(A12,'Halo Results LG'!$A$2:$A$9,'Halo Results LG'!$E$2:$E$9,0) + XLOOKUP(A12,'Halo Results OB'!$A$2:$A$9,'Halo Results OB'!$E$2:$E$9,0) + XLOOKUP(A12,'Halo Results CTF'!$A$2:$A$9,'Halo Results CTF'!$E$2:$E$9,0)} -> 0 | D12: {=XLOOKUP(A12,'Formula 1 Results'!$A$2:$A$9,'Formula 1 Results'!$J$2:$J$9,0)} -> 0 | E12: =SUM(B12:D12) -> 85
A13: Josh Crane | B13: =SUMIFS('Fall Guys Results'!$C$2:$C$14,'Fall Guys Results'!$B$2:$B$14,A13) -> 0 | C13: {=XLOOKUP(A13,'Halo Results AOB'!$A$2:$A$9,'Halo Results AOB'!$E$2:$E$9,0) + XLOOKUP(A13,'Halo Results LG'!$A$2:$A$9,'Halo Results LG'!$E$2:$E$9,0) + XLOOKUP(A13,'Halo Results OB'!$A$2:$A$9,'Halo Results OB'!$E$2:$E$9,0) + XLOOKUP(A13,'Halo Results CTF'!$A$2:$A$9,'Halo Results CTF'!$E$2:$E$9,0)} -> 0 | D13: {=XLOOKUP(A13,'Formula 1 Results'!$A$2:$A$9,'Formula 1 Results'!$J$2:$J$9,0)} -> 0 | E13: =SUM(B13:D13) -> 0
A14: Josh Anderson | B14: =SUMIFS('Fall Guys Results'!$C$2:$C$14,'Fall Guys Results'!$B$2:$B$14,A14) -> 0 | C14: {=XLOOKUP(A14,'Halo Results AOB'!$A$2:$A$9,'Halo Results AOB'!$E$2:$E$9,0) + XLOOKUP(A14,'Halo Results LG'!$A$2:$A$9,'Halo Results LG'!$E$2:$E$9,0) + XLOOKUP(A14,'Halo Results OB'!$A$2:$A$9,'Halo Results OB'!$E$2:$E$9,0) + XLOOKUP(A14,'Halo Results CTF'!$A$2:$A$9,'Halo Results CTF'!$E$2:$E$9,0)} -> 0 | D14: {=XLOOKUP(A14,'Formula 1 Results'!$A$2:$A$9,'Formula 1 Results'!$J$2:$J$9,0)} -> 0 | E14: =SUM(B14:D14) -> 0

Sheet Fall Guys Results
A1: Game Mode | B1: Winner | C1: Points
A2: Jump Around | B2: PretZilla | C2: 10
A3: Royal Fumble | B3: Eddie | C3: 10
A4: Blast Ball Bangers | B4: Newman | C4: 10
A5: Thin Ice | B5: Eddie | C5: 10
A6: Day at the Races | B6: Eddie | C6: 10
A7: Pegwin Palooza | B7: Josh Rosario | C7: 5
A8: Pegwin Palooza | B8: Eddie | C8: 5
A9: Blast Ball Bangers | B9: Eddie | C9: 10
A10: Jump Around | B10: Connor | C10: 10
A11: Solos | B11: Eddie | C11: 20
A12: Day at the Races | B12: Josh Rosario | C12: 20
A13: Fan Favorites | B13: Josh Rosario | C13: 20
A14: Finals Marathon | B14: Eddie | C14: 20

Sheet Halo Results AOB
A1: Player | B1: Kills | C1: Assists | D1: Win | E1: Total | G1: Kill | H1: 0.1
A2: Brentuar | E2: =B2*$H$1 + C2*$H$2 + D2*$H$3 -> 0 | G2: Assist | H2: 0.025
A3: Grayson | D3: 0 | E3: =B3*$H$1 + C3*$H$2 + D3*$H$3 -> 0 | G3: Win | H3: 10
A4: Erick | D4: 0 | E4: =B4*$H$1 + C4*$H$2 + D4*$H$3 -> 0
A5: Nick | D5: 0 | E5: =B5*$H$1 + C5*$H$2 + D5*$H$3 -> 0
A6: Connor | E6: =B6*$H$1 + C6*$H$2 + D6*$H$3 -> 0
A7: PK | D7: 0 | E7: =B7*$H$1 + C7*$H$2 + D7*$H$3 -> 0
A8: Eddie | D8: 0 | E8: =B8*$H$1 + C8*$H$2 + D8*$H$3 -> 0
A9: Josh Anderson | D9: 0 | E9: =B9*$H$1 + C9*$H$2 + D9*$H$3 -> 0

Sheet Halo Results LG
A1: Player | B1: Kills | C1: Assists | D1: Win | E1: Total | G1: Kill | H1: 0.1
A2: Brentuar | E2: =B2*$H$1 + C2*$H$2 + D2*$H$3 -> 0 | G2: Assist | H2: 0.025
A3: Grayson | D3: 0 | E3: =B3*$H$1 + C3*$H$2 + D3*$H$3 -> 0 | G3: Win | H3: 10
A4: Erick | D4: 0 | E4: =B4*$H$1 + C4*$H$2 + D4*$H$3 -> 0
A5: Nick | D5: 0 | E5: =B5*$H$1 + C5*$H$2 + D5*$H$3 -> 0
A6: Connor | E6: =B6*$H$1 + C6*$H$2 + D6*$H$3 -> 0
A7: PK | D7: 0 | E7: =B7*$H$1 + C7*$H$2 + D7*$H$3 -> 0
A8: Eddie | D8: 0 | E8: =B8*$H$1 + C8*$H$2 + D8*$H$3 -> 0
A9: Josh Anderson | D9: 0 | E9: =B9*$H$1 + C9*$H$2 + D9*$H$3 -> 0

Sheet Halo Results OB
A1: Player | B1: Kills | C1: Assists | D1: Win | E1: Total | G1: Kill | H1: 0.1
A2: Brentuar | E2: =B2*$H$1 + C2*$H$2 + D2*$H$3 -> 0 | G2: Assist | H2: 0.025
A3: Grayson | D3: 0 | E3: =B3*$H$1 + C3*$H$2 + D3*$H$3 -> 0 | G3: Win | H3: 10
A4: Erick | D4: 0 | E4: =B4*$H$1 + C4*$H$2 + D4*$H$3 -> 0
A5: Nick | D5: 0 | E5: =B5*$H$1 + C5*$H$2 + D5*$H$3 -> 0
A6: Connor | E6: =B6*$H$1 + C6*$H$2 + D6*$H$3 -> 0
A7: PK | D7: 0 | E7: =B7*$H$1 + C7*$H$2 + D7*$H$3 -> 0
A8: Eddie | D8: 0 | E8: =B8*$H$1 + C8*$H$2 + D8*$H$3 -> 0
A9: Josh Anderson | D9: 0 | E9: =B9*$H$1 + C9*$H$2 + D9*$H$3 -> 0

Sheet Halo Results CTF
A1: Player | B1: Kills | C1: Assists | D1: Win | E1: Total | G1: Kill | H1: 0.1
A2: Brentuar | E2: =B2*$H$1 + C2*$H$2 + D2*$H$3 -> 0 | G2: Assist | H2: 0.025
A3: Grayson | D3: 0 | E3: =B3*$H$1 + C3*$H$2 + D3*$H$3 -> 0 | G3: Win | H3: 10
A4: Erick | D4: 0 | E4: =B4*$H$1 + C4*$H$2 + D4*$H$3 -> 0
A5: Nick | D5: 0 | E5: =B5*$H$1 + C5*$H$2 + D5*$H$3 -> 0
A6: Connor | E6: =B6*$H$1 + C6*$H$2 + D6*$H$3 -> 0
A7: PK | D7: 0 | E7: =B7*$H$1 + C7*$H$2 + D7*$H$3 -> 0
A8: Eddie | D8: 0 | E8: =B8*$H$1 + C8*$H$2 + D8*$H$3 -> 0
A9: Josh Anderson | D9: 0 | E9: =B9*$H$1 + C9*$H$2 + D9*$H$3 -> 0

Sheet Halo Results
A1: Player | B1: Kills | C1: Assists | D1: Win | E1: Total | G1: Kill | H1: 0.1
A2: Brentuar | B2: ='Halo Results OB'!B2 + 'Halo Results LG'!B2 + 'Halo Results AOB'!B2 + 'Halo Results CTF'!B2 -> 0 | C2: ='Halo Results OB'!C2 + 'Halo Results LG'!C2 + 'Halo Results AOB'!C2 + 'Halo Results CTF'!C2 -> 0 | D2: ='Halo Results OB'!D2 + 'Halo Results LG'!D2 + 'Halo Results AOB'!D2 + 'Halo Results CTF'!D2 -> 0 | E2: =B2*$H$1 + C2*$H$2 + D2*$H$3 -> 0 | G2: Assist | H2: 0.025
A3: Grayson | B3: ='Halo Results OB'!B3 + 'Halo Results LG'!B3 + 'Halo Results AOB'!B3 + 'Halo Results CTF'!B3 -> 0 | C3: ='Halo Results OB'!C3 + 'Halo Results LG'!C3 + 'Halo Results AOB'!C3 + 'Halo Results CTF'!C3 -> 0 | D3: 0 | E3: =B3*$H$1 + C3*$H$2 + D3*$H$3 -> 0 | G3: Win | H3: 10
A4: Erick | B4: ='Halo Results OB'!B4 + 'Halo Results LG'!B4 + 'Halo Results AOB'!B4 + 'Halo Results CTF'!B4 -> 0 | C4: ='Halo Results OB'!C4 + 'Halo Results LG'!C4 + 'Halo Results AOB'!C4 + 'Halo Results CTF'!C4 -> 0 | D4: 0 | E4: =B4*$H$1 + C4*$H$2 + D4*$H$3 -> 0
A5: Nick | B5: ='Halo Results OB'!B5 + 'Halo Results LG'!B5 + 'Halo Results AOB'!B5 + 'Halo Results CTF'!B5 -> 0 | C5: ='Halo Results OB'!C5 + 'Halo Results LG'!C5 + 'Halo Results AOB'!C5 + 'Halo Results CTF'!C5 -> 0 | D5: 0 | E5: =B5*$H$1 + C5*$H$2 + D5*$H$3 -> 0
A6: Connor | B6: ='Halo Results OB'!B6 + 'Halo Results LG'!B6 + 'Halo Results AOB'!B6 + 'Halo Results CTF'!B6 -> 0 | C6: ='Halo Results OB'!C6 + 'Halo Results LG'!C6 + 'Halo Results AOB'!C6 + 'Halo Results CTF'!C6 -> 0 | D6: ='Halo Results OB'!D6 + 'Halo Results LG'!D6 + 'Halo Results AOB'!D6 + 'Halo Results CTF'!D6 -> 0 | E6: =B6*$H$1 + C6*$H$2 + D6*$H$3 -> 0
A7: PK | B7: ='Halo Results OB'!B7 + 'Halo Results LG'!B7 + 'Halo Results AOB'!B7 + 'Halo Results CTF'!B7 -> 0 | C7: ='Halo Results OB'!C7 + 'Halo Results LG'!C7 + 'Halo Results AOB'!C7 + 'Halo Results CTF'!C7 -> 0 | D7: 0 | E7: =B7*$H$1 + C7*$H$2 + D7*$H$3 -> 0
A8: Eddie | B8: ='Halo Results OB'!B8 + 'Halo Results LG'!B8 + 'Halo Results AOB'!B8 + 'Halo Results CTF'!B8 -> 0 | C8: ='Halo Results OB'!C8 + 'Halo Results LG'!C8 + 'Halo Results AOB'!C8 + 'Halo Results CTF'!C8 -> 0 | D8: 0 | E8: =B8*$H$1 + C8*$H$2 + D8*$H$3 -> 0
A9: Josh Anderson | B9: ='Halo Results OB'!B9 + 'Halo Results LG'!B9 + 'Halo Results AOB'!B9 + 'Halo Results CTF'!B9 -> 0 | C9: ='Halo Results OB'!C9 + 'Halo Results LG'!C9 + 'Halo Results AOB'!C9 + 'Halo Results CTF'!C9 -> 0 | D9: 0 | E9: =B9*$H$1 + C9*$H$2 + D9*$H$3 -> 0

Sheet Formula 1 Results
A1: Driver | B1: Qualifying | C1: Sprint | D1: Sprint FL | E1: Race | F1: Race FL | G1: DOTD | H1: MOT | I1: CD | J1: Total | L1: Sprint Place | M1: Sprint Points | O1: Race Place | P1: Race Points
A2: Brentuar | J2: =IF(B2=1,1,0) + XLOOKUP(C2,$L$2:$L$9,$M$2:$M$9,0) + IF(D2="Y",1,0) + XLOOKUP(E2,$O$2:$O$9,$P$2:$P$9,0) + IF(F2="Y",1,0) + IF(G2="Y",1,0) + IF(H2="Y",1,0) + IF(I2="Y",1,0) -> 0 | L2: 1 | M2: 8 | O2: 1 | P2: 15
A3: Newman | J3: =IF(B3=1,1,0) + XLOOKUP(C3,$L$2:$L$9,$M$2:$M$9,0) + IF(D3="Y",1,0) + XLOOKUP(E3,$O$2:$O$9,$P$2:$P$9,0) + IF(F3="Y",1,0) + IF(G3="Y",1,0) + IF(H3="Y",1,0) + IF(I3="Y",1,0) -> 0 | L3: 2 | M3: 7 | O3: 2 | P3: 13
A4: Nick | J4: =IF(B4=1,1,0) + XLOOKUP(C4,$L$2:$L$9,$M$2:$M$9,0) + IF(D4="Y",1,0) + XLOOKUP(E4,$O$2:$O$9,$P$2:$P$9,0) + IF(F4="Y",1,0) + IF(G4="Y",1,0) + IF(H4="Y",1,0) + IF(I4="Y",1,0) -> 0 | L4: 3 | M4: 6 | O4: 3 | P4: 11
A5: Erick | J5: =IF(B5=1,1,0) + XLOOKUP(C5,$L$2:$L$9,$M$2:$M$9,0) + IF(D5="Y",1,0) + XLOOKUP(E5,$O$2:$O$9,$P$2:$P$9,0) + IF(F5="Y",1,0) + IF(G5="Y",1,0) + IF(H5="Y",1,0) + IF(I5="Y",1,0) -> 0 | L5: 4 | M5: 5 | O5: 4 | P5: 9
A6: PK | J6: =IF(B6=1,1,0) + XLOOKUP(C6,$L$2:$L$9,$M$2:$M$9,0) + IF(D6="Y",1,0) + XLOOKUP(E6,$O$2:$O$9,$P$2:$P$9,0) + IF(F6="Y",1,0) + IF(G6="Y",1,0) + IF(H6="Y",1,0) + IF(I6="Y",1,0) -> 0 | L6: 5 | M6: 4 | O6: 5 | P6: 7
A7: Josh Anderson | J7: =IF(B7=1,1,0) + XLOOKUP(C7,$L$2:$L$9,$M$2:$M$9,0) + IF(D7="Y",1,0) + XLOOKUP(E7,$O$2:$O$9,$P$2:$P$9,0) + IF(F7="Y",1,0) + IF(G7="Y",1,0) + IF(H7="Y",1,0) + IF(I7="Y",1,0) -> 0 | L7: 6 | M7: 3 | O7: 6 | P7: 5
A8: Josh Rosario | J8: =IF(B8=1,1,0) + XLOOKUP(C8,$L$2:$L$9,$M$2:$M$9,0) + IF(D8="Y",1,0) + XLOOKUP(E8,$O$2:$O$9,$P$2:$P$9,0) + IF(F8="Y",1,0) + IF(G8="Y",1,0) + IF(H8="Y",1,0) + IF(I8="Y",1,0) -> 0 | L8: 7 | M8: 2 | O8: 7 | P8: 3
A9: Josh Crane | J9: =IF(B9=1,1,0) + XLOOKUP(C9,$L$2:$L$9,$M$2:$M$9,0) + IF(D9="Y",1,0) + XLOOKUP(E9,$O$2:$O$9,$P$2:$P$9,0) + IF(F9="Y",1,0) + IF(G9="Y",1,0) + IF(H9="Y",1,0) + IF(I9="Y",1,0) -> 0 | L9: 8 | M9: 1 | O9: 8 | P9: 1
